{
  "rules": {
    "ban-comma-operator": true,
    "member-access": [true, "no-public"],
    "no-empty-interface": true,
    "arrow-parens": true,
    "arrow-return-shorthand": [true, "multiline"],
    "binary-expression-operand-order": true,
    "class-name": true,
    "comment-format": [true, "check-space", "check-uppercase"],
    "curly": true,
    "cyclomatic-complexity": [true, 20],
    "encoding": true,
    "eofline": true,
    "import-spacing": true,
    "indent": [true, "spaces", 2],
    "interface-over-type-literal": true,
    "jsdoc-format": true,
    "linebreak-style": [true, "LF"],
    "max-file-line-count": [true, 300],
    "max-line-length": [true, 120],
    "new-parens": true,
    "no-arg": true,
    "no-bitwise": true,
    "no-conditional-assignment": true,
    "no-consecutive-blank-lines": [true, 2],
    "no-construct": true,
    "no-default-export": true,
    "no-duplicate-variable": true,
    "no-duplicate-super": true,
    "no-eval": true,
    "no-internal-module": true,
    "no-invalid-this": [true],
    "no-irregular-whitespace": true,
    "no-misused-new": true,
    "no-object-literal-type-assertion": true,
    "no-reference": true,
    "no-require-imports": false,
    "no-shadowed-variable": false,
    "no-string-literal": true,
    "no-string-throw": true,
    "no-trailing-whitespace": true,
    "no-unsafe-finally": true,
    "no-unused-expression": true,
    "no-unnecessary-initializer": true,
    "no-var-keyword": true,
    "number-literal-format": true,
    "object-literal-key-quotes": [true, "as-needed"],
    "object-literal-shorthand": true,
    "object-literal-sort-keys": true,
    "one-line": [true, "check-open-brace", "check-whitespace"],
    "one-variable-per-declaration": [true],
    "ordered-imports": [true],
    "prefer-conditional-expression": true,
    "prefer-const": true,
    "prefer-object-spread": true,
    "prefer-switch": true,
    "prefer-template": [true, "allow-single-concat"],
    "quotemark": [true, "single", "avoid-escape"],
    "semicolon": [true, "always"],
    "space-before-function-paren": [true, "never"],
    "switch-final-break": true,
    "no-switch-case-fall-through": true,
    "trailing-comma": [
      true,
      {
        "multiline": "never",
        "singleline": "never"
      }
    ],
    "triple-equals": [true, "allow-null-check"],
    "typedef-whitespace": [
      true,
      {
        "call-signature": "nospace",
        "index-signature": "nospace",
        "parameter": "nospace",
        "property-declaration": "nospace",
        "variable-declaration": "nospace"
      }
    ],
    "variable-name": [true, "ban-keywords"],
    "whitespace": [
      true,
      "check-branch",
      "check-decl",
      "check-operator",
      "check-separator",
      "check-type"
    ]
  }
}
