[
  {
    "id": "1",
    "dateStart": "02/12/2018",
    "dateEnd": "02/13/2018",
    "description": "Event description",
    "title": "Bratislava Conf",
    "location": "Bratislava",
    "ownerId": "1"
  },
  {
    "id": "2",
    "dateStart": "02/11/2018",
    "dateEnd": "02/13/2018",
    "description": "Event description",
    "title": "Prague Conf",
    "location": "Prague",
    "ownerId": "1"
  },
  {
    "id": "3",
    "dateStart": "01/30/2018",
    "dateEnd": "01/31/2018",
    "description": "Event description",
    "title": "Wien Conf",
    "location": "Wien",
    "ownerId": "2"
  },
  {
    "id": "4",
    "dateStart": "02/15/2018",
    "dateEnd": "02/16/2018",
    "description": "Event description",
    "title": "Budapest Conf",
    "location": "Budapest",
    "ownerId": "2"
  },
  {
    "id": "5",
    "dateStart": "01/18/2018",
    "dateEnd": "01/20/2018",
    "description": "Event description",
    "title": "Warsaw Conf",
    "location": "Warsaw",
    "ownerId": "1"
  }
]
